pa_name,clip,PA,N,S,R,F,dataset
Snoop_Dogg__Crip_Ya_Enthusiasm_Official_Music_Video.wav_1,Snoop_Dogg__Crip_Ya_Enthusiasm_Official_Music_Video,16.23,11.50,0.57,0.24,0.01,snoop
Snoop_Dogg__Crip_Ya_Enthusiasm_Official_Music_Video.wav_2,Snoop_Dogg__Crip_Ya_Enthusiasm_Official_Music_Video,29.41,25.51,1.38,0.15,0.01,snoop
Snoop_Dogg__Crip_Ya_Enthusiasm_Official_Music_Video.wav_3,Snoop_Dogg__Crip_Ya_Enthusiasm_Official_Music_Video,31.50,25.62,1.26,0.32,0.05,snoop
Snoop_Dogg__Crip_Ya_Enthusiasm_Official_Music_Video.wav_4,Snoop_Dogg__Crip_Ya_Enthusiasm_Official_Music_Video,32.20,24.33,1.13,0.58,0.02,snoop
Snoop_Dogg__Crip_Ya_Enthusiasm_Official_Music_Video.wav_5,Snoop_Dogg__Crip_Ya_Enthusiasm_Official_Music_Video,29.48,21.67,0.89,0.39,0.04,snoop
Snoop_Dogg__Crip_Ya_Enthusiasm_Official_Music_Video.wav_6,Snoop_Dogg__Crip_Ya_Enthusiasm_Official_Music_Video,27.97,22.70,1.20,0.26,0.01,snoop
Snoop_Dogg__Crip_Ya_Enthusiasm_Official_Music_Video.wav_7,Snoop_Dogg__Crip_Ya_Enthusiasm_Official_Music_Video,33.45,26.02,1.06,0.27,0.01,snoop
Snoop_Dogg__Crip_Ya_Enthusiasm_Official_Music_Video.wav_8,Snoop_Dogg__Crip_Ya_Enthusiasm_Official_Music_Video,27.77,23.46,1.39,0.32,0.02,snoop
Snoop_Dogg__Crip_Ya_Enthusiasm_Official_Music_Video.wav_9,Snoop_Dogg__Crip_Ya_Enthusiasm_Official_Music_Video,27.05,22.10,1.30,0.36,0.03,snoop
Snoop_Dogg__Crip_Ya_Enthusiasm_Official_Music_Video.wav_10,Snoop_Dogg__Crip_Ya_Enthusiasm_Official_Music_Video,29.33,24.48,1.24,0.06,0.03,snoop
Snoop_Dogg__Crip_Ya_Enthusiasm_Official_Music_Video.wav_11,Snoop_Dogg__Crip_Ya_Enthusiasm_Official_Music_Video,30.96,25.94,1.27,0.12,0.03,snoop
Snoop_Dogg__Crip_Ya_Enthusiasm_Official_Music_Video.wav_12,Snoop_Dogg__Crip_Ya_Enthusiasm_Official_Music_Video,37.98,29.60,1.13,0.23,0.25,snoop
Snoop_Dogg__Crip_Ya_Enthusiasm_Official_Music_Video.wav_13,Snoop_Dogg__Crip_Ya_Enthusiasm_Official_Music_Video,22.68,17.49,0.95,0.10,0.10,snoop
Snoop_Dogg__Crip_Ya_Enthusiasm_Official_Music_Video.wav_14,Snoop_Dogg__Crip_Ya_Enthusiasm_Official_Music_Video,27.53,21.47,1.03,0.09,0.20,snoop
Snoop_Dogg__Crip_Ya_Enthusiasm_Official_Music_Video.wav_15,Snoop_Dogg__Crip_Ya_Enthusiasm_Official_Music_Video,37.02,28.28,1.06,0.11,0.45,snoop
Snoop_Dogg__Crip_Ya_Enthusiasm_Official_Music_Video.wav_16,Snoop_Dogg__Crip_Ya_Enthusiasm_Official_Music_Video,39.25,31.25,1.24,0.07,0.59,snoop
Snoop_Dogg__Crip_Ya_Enthusiasm_Official_Music_Video.wav_17,Snoop_Dogg__Crip_Ya_Enthusiasm_Official_Music_Video,41.52,34.62,1.39,0.15,0.40,snoop
Snoop_Dogg__Crip_Ya_Enthusiasm_Official_Music_Video.wav_18,Snoop_Dogg__Crip_Ya_Enthusiasm_Official_Music_Video,45.18,34.00,1.30,0.32,0.81,snoop
Snoop_Dogg__Crip_Ya_Enthusiasm_Official_Music_Video.wav_19,Snoop_Dogg__Crip_Ya_Enthusiasm_Official_Music_Video,36.29,30.61,1.41,0.08,0.46,snoop
Snoop_Dogg__Crip_Ya_Enthusiasm_Official_Music_Video.wav_20,Snoop_Dogg__Crip_Ya_Enthusiasm_Official_Music_Video,43.84,35.63,1.34,0.08,0.62,snoop
Snoop_Dogg__Crip_Ya_Enthusiasm_Official_Music_Video.wav_21,Snoop_Dogg__Crip_Ya_Enthusiasm_Official_Music_Video,40.59,30.27,1.25,0.08,1.11,snoop
Snoop_Dogg__Crip_Ya_Enthusiasm_Official_Music_Video.wav_22,Snoop_Dogg__Crip_Ya_Enthusiasm_Official_Music_Video,41.94,32.84,1.32,0.34,0.48,snoop
Snoop_Dogg__Crip_Ya_Enthusiasm_Official_Music_Video.wav_23,Snoop_Dogg__Crip_Ya_Enthusiasm_Official_Music_Video,46.68,39.36,1.32,0.08,0.03,snoop
Snoop_Dogg__Crip_Ya_Enthusiasm_Official_Music_Video.wav_24,Snoop_Dogg__Crip_Ya_Enthusiasm_Official_Music_Video,48.44,40.20,1.30,0.11,0.19,snoop
Snoop_Dogg__Crip_Ya_Enthusiasm_Official_Music_Video.wav_25,Snoop_Dogg__Crip_Ya_Enthusiasm_Official_Music_Video,28.24,23.90,1.36,0.03,0.38,snoop
Snoop_Dogg__Crip_Ya_Enthusiasm_Official_Music_Video.wav_26,Snoop_Dogg__Crip_Ya_Enthusiasm_Official_Music_Video,26.97,22.04,1.26,0.17,0.24,snoop
Snoop_Dogg__Crip_Ya_Enthusiasm_Official_Music_Video.wav_27,Snoop_Dogg__Crip_Ya_Enthusiasm_Official_Music_Video,27.45,23.07,1.30,0.03,0.27,snoop
Snoop_Dogg__Crip_Ya_Enthusiasm_Official_Music_Video.wav_28,Snoop_Dogg__Crip_Ya_Enthusiasm_Official_Music_Video,33.31,23.20,1.26,0.82,0.35,snoop
Snoop_Dogg__Crip_Ya_Enthusiasm_Official_Music_Video.wav_29,Snoop_Dogg__Crip_Ya_Enthusiasm_Official_Music_Video,32.73,15.63,1.02,0.33,3.16,snoop
Snoop_Dogg__Crip_Ya_Enthusiasm_Official_Music_Video.wav_30,Snoop_Dogg__Crip_Ya_Enthusiasm_Official_Music_Video,38.15,30.06,1.14,0.07,0.39,snoop
Snoop_Dogg__Crip_Ya_Enthusiasm_Official_Music_Video.wav_31,Snoop_Dogg__Crip_Ya_Enthusiasm_Official_Music_Video,46.26,26.55,1.03,1.42,0.80,snoop
Snoop_Dogg__Crip_Ya_Enthusiasm_Official_Music_Video.wav_32,Snoop_Dogg__Crip_Ya_Enthusiasm_Official_Music_Video,30.15,23.07,1.16,0.13,0.65,snoop
Snoop_Dogg__Crip_Ya_Enthusiasm_Official_Music_Video.wav_33,Snoop_Dogg__Crip_Ya_Enthusiasm_Official_Music_Video,43.94,30.60,1.26,0.87,0.45,snoop
Snoop_Dogg__Crip_Ya_Enthusiasm_Official_Music_Video.wav_34,Snoop_Dogg__Crip_Ya_Enthusiasm_Official_Music_Video,46.63,31.15,1.22,1.19,0.25,snoop
Snoop_Dogg__Crip_Ya_Enthusiasm_Official_Music_Video.wav_35,Snoop_Dogg__Crip_Ya_Enthusiasm_Official_Music_Video,43.32,34.43,1.29,0.40,0.24,snoop
Snoop_Dogg__Crip_Ya_Enthusiasm_Official_Music_Video.wav_36,Snoop_Dogg__Crip_Ya_Enthusiasm_Official_Music_Video,43.06,37.47,1.47,0.27,0.03,snoop
Snoop_Dogg__Crip_Ya_Enthusiasm_Official_Music_Video.wav_37,Snoop_Dogg__Crip_Ya_Enthusiasm_Official_Music_Video,61.87,36.13,1.31,1.03,1.77,snoop
Snoop_Dogg__Crip_Ya_Enthusiasm_Official_Music_Video.wav_38,Snoop_Dogg__Crip_Ya_Enthusiasm_Official_Music_Video,48.58,35.40,1.23,0.50,0.71,snoop
Snoop_Dogg__Crip_Ya_Enthusiasm_Official_Music_Video.wav_39,Snoop_Dogg__Crip_Ya_Enthusiasm_Official_Music_Video,38.31,33.71,1.51,0.26,0.06,snoop
Snoop_Dogg__Crip_Ya_Enthusiasm_Official_Music_Video.wav_40,Snoop_Dogg__Crip_Ya_Enthusiasm_Official_Music_Video,61.03,33.96,1.32,1.86,0.87,snoop
Snoop_Dogg__Crip_Ya_Enthusiasm_Official_Music_Video.wav_41,Snoop_Dogg__Crip_Ya_Enthusiasm_Official_Music_Video,47.02,36.74,1.30,0.52,0.22,snoop
Snoop_Dogg__Crip_Ya_Enthusiasm_Official_Music_Video.wav_42,Snoop_Dogg__Crip_Ya_Enthusiasm_Official_Music_Video,38.82,33.16,1.40,0.20,0.14,snoop
Snoop_Dogg__Crip_Ya_Enthusiasm_Official_Music_Video.wav_43,Snoop_Dogg__Crip_Ya_Enthusiasm_Official_Music_Video,60.48,34.11,1.31,1.27,1.63,snoop
Snoop_Dogg__Crip_Ya_Enthusiasm_Official_Music_Video.wav_44,Snoop_Dogg__Crip_Ya_Enthusiasm_Official_Music_Video,42.12,33.73,1.21,0.30,0.10,snoop
Snoop_Dogg__Crip_Ya_Enthusiasm_Official_Music_Video.wav_45,Snoop_Dogg__Crip_Ya_Enthusiasm_Official_Music_Video,33.58,29.38,1.50,0.12,0.28,snoop
Snoop_Dogg__Crip_Ya_Enthusiasm_Official_Music_Video.wav_46,Snoop_Dogg__Crip_Ya_Enthusiasm_Official_Music_Video,51.86,32.41,1.47,0.52,1.94,snoop
Snoop_Dogg__Crip_Ya_Enthusiasm_Official_Music_Video.wav_47,Snoop_Dogg__Crip_Ya_Enthusiasm_Official_Music_Video,40.11,32.88,1.28,0.29,0.06,snoop
Snoop_Dogg__Crip_Ya_Enthusiasm_Official_Music_Video.wav_48,Snoop_Dogg__Crip_Ya_Enthusiasm_Official_Music_Video,34.98,28.44,1.61,0.09,0.84,snoop
Snoop_Dogg__Crip_Ya_Enthusiasm_Official_Music_Video.wav_49,Snoop_Dogg__Crip_Ya_Enthusiasm_Official_Music_Video,48.67,35.31,1.62,0.34,1.27,snoop
Snoop_Dogg__Crip_Ya_Enthusiasm_Official_Music_Video.wav_50,Snoop_Dogg__Crip_Ya_Enthusiasm_Official_Music_Video,40.06,33.16,1.29,0.25,0.04,snoop
Snoop_Dogg__Crip_Ya_Enthusiasm_Official_Music_Video.wav_51,Snoop_Dogg__Crip_Ya_Enthusiasm_Official_Music_Video,42.97,34.16,1.59,0.12,1.00,snoop
Snoop_Dogg__Crip_Ya_Enthusiasm_Official_Music_Video.wav_52,Snoop_Dogg__Crip_Ya_Enthusiasm_Official_Music_Video,50.09,35.18,1.62,0.22,1.68,snoop
Snoop_Dogg__Crip_Ya_Enthusiasm_Official_Music_Video.wav_53,Snoop_Dogg__Crip_Ya_Enthusiasm_Official_Music_Video,37.30,32.49,1.46,0.25,0.04,snoop
Snoop_Dogg__Crip_Ya_Enthusiasm_Official_Music_Video.wav_54,Snoop_Dogg__Crip_Ya_Enthusiasm_Official_Music_Video,44.43,35.97,1.65,0.17,0.85,snoop
Snoop_Dogg__Crip_Ya_Enthusiasm_Official_Music_Video.wav_55,Snoop_Dogg__Crip_Ya_Enthusiasm_Official_Music_Video,50.13,36.34,1.52,0.48,1.05,snoop
Snoop_Dogg__Crip_Ya_Enthusiasm_Official_Music_Video.wav_56,Snoop_Dogg__Crip_Ya_Enthusiasm_Official_Music_Video,40.05,31.55,1.26,0.50,0.09,snoop
Snoop_Dogg__Crip_Ya_Enthusiasm_Official_Music_Video.wav_57,Snoop_Dogg__Crip_Ya_Enthusiasm_Official_Music_Video,43.09,33.71,1.21,0.47,0.08,snoop
Snoop_Dogg__Crip_Ya_Enthusiasm_Official_Music_Video.wav_58,Snoop_Dogg__Crip_Ya_Enthusiasm_Official_Music_Video,49.29,34.16,1.30,0.52,1.11,snoop
Snoop_Dogg__Crip_Ya_Enthusiasm_Official_Music_Video.wav_59,Snoop_Dogg__Crip_Ya_Enthusiasm_Official_Music_Video,38.94,33.20,1.41,0.30,0.03,snoop
Snoop_Dogg__Crip_Ya_Enthusiasm_Official_Music_Video.wav_60,Snoop_Dogg__Crip_Ya_Enthusiasm_Official_Music_Video,52.44,35.28,1.37,0.42,1.57,snoop
Snoop_Dogg__Crip_Ya_Enthusiasm_Official_Music_Video.wav_61,Snoop_Dogg__Crip_Ya_Enthusiasm_Official_Music_Video,43.02,30.95,1.41,0.85,0.39,snoop
Snoop_Dogg__Crip_Ya_Enthusiasm_Official_Music_Video.wav_62,Snoop_Dogg__Crip_Ya_Enthusiasm_Official_Music_Video,41.88,35.77,1.42,0.29,0.05,snoop
Snoop_Dogg__Crip_Ya_Enthusiasm_Official_Music_Video.wav_63,Snoop_Dogg__Crip_Ya_Enthusiasm_Official_Music_Video,59.65,33.03,1.55,1.67,1.23,snoop
Snoop_Dogg__Crip_Ya_Enthusiasm_Official_Music_Video.wav_64,Snoop_Dogg__Crip_Ya_Enthusiasm_Official_Music_Video,40.75,32.28,1.22,0.40,0.10,snoop
Snoop_Dogg__Crip_Ya_Enthusiasm_Official_Music_Video.wav_65,Snoop_Dogg__Crip_Ya_Enthusiasm_Official_Music_Video,42.19,35.78,1.45,0.31,0.15,snoop
Snoop_Dogg__Crip_Ya_Enthusiasm_Official_Music_Video.wav_66,Snoop_Dogg__Crip_Ya_Enthusiasm_Official_Music_Video,66.27,32.45,1.32,2.14,1.52,snoop
Snoop_Dogg__Crip_Ya_Enthusiasm_Official_Music_Video.wav_67,Snoop_Dogg__Crip_Ya_Enthusiasm_Official_Music_Video,45.29,35.73,1.33,0.55,0.15,snoop
Snoop_Dogg__Crip_Ya_Enthusiasm_Official_Music_Video.wav_68,Snoop_Dogg__Crip_Ya_Enthusiasm_Official_Music_Video,43.42,35.35,1.44,0.40,0.30,snoop
Snoop_Dogg__Crip_Ya_Enthusiasm_Official_Music_Video.wav_69,Snoop_Dogg__Crip_Ya_Enthusiasm_Official_Music_Video,54.01,34.95,1.51,1.11,0.89,snoop
Snoop_Dogg__Crip_Ya_Enthusiasm_Official_Music_Video.wav_70,Snoop_Dogg__Crip_Ya_Enthusiasm_Official_Music_Video,43.44,34.39,1.22,0.38,0.14,snoop
Snoop_Dogg__Crip_Ya_Enthusiasm_Official_Music_Video.wav_71,Snoop_Dogg__Crip_Ya_Enthusiasm_Official_Music_Video,40.54,31.24,1.50,0.36,0.74,snoop
Snoop_Dogg__Crip_Ya_Enthusiasm_Official_Music_Video.wav_72,Snoop_Dogg__Crip_Ya_Enthusiasm_Official_Music_Video,52.90,35.27,1.47,0.64,1.35,snoop
Snoop_Dogg__Crip_Ya_Enthusiasm_Official_Music_Video.wav_73,Snoop_Dogg__Crip_Ya_Enthusiasm_Official_Music_Video,39.72,34.17,1.44,0.27,0.08,snoop
Snoop_Dogg__Crip_Ya_Enthusiasm_Official_Music_Video.wav_74,Snoop_Dogg__Crip_Ya_Enthusiasm_Official_Music_Video,39.65,31.24,1.48,0.27,0.71,snoop
Snoop_Dogg__Crip_Ya_Enthusiasm_Official_Music_Video.wav_75,Snoop_Dogg__Crip_Ya_Enthusiasm_Official_Music_Video,73.83,35.79,1.58,1.95,2.16,snoop
Snoop_Dogg__Crip_Ya_Enthusiasm_Official_Music_Video.wav_76,Snoop_Dogg__Crip_Ya_Enthusiasm_Official_Music_Video,41.92,34.43,1.27,0.25,0.05,snoop
Snoop_Dogg__Crip_Ya_Enthusiasm_Official_Music_Video.wav_77,Snoop_Dogg__Crip_Ya_Enthusiasm_Official_Music_Video,49.86,35.66,1.54,0.44,1.21,snoop
Snoop_Dogg__Crip_Ya_Enthusiasm_Official_Music_Video.wav_78,Snoop_Dogg__Crip_Ya_Enthusiasm_Official_Music_Video,47.99,36.57,1.67,0.47,0.80,snoop
Snoop_Dogg__Crip_Ya_Enthusiasm_Official_Music_Video.wav_79,Snoop_Dogg__Crip_Ya_Enthusiasm_Official_Music_Video,42.30,33.00,1.20,0.40,0.20,snoop
Snoop_Dogg__Crip_Ya_Enthusiasm_Official_Music_Video.wav_80,Snoop_Dogg__Crip_Ya_Enthusiasm_Official_Music_Video,39.31,30.96,1.17,0.32,0.14,snoop
Snoop_Dogg__Crip_Ya_Enthusiasm_Official_Music_Video.wav_81,Snoop_Dogg__Crip_Ya_Enthusiasm_Official_Music_Video,40.20,31.05,1.23,0.31,0.47,snoop
Snoop_Dogg__Crip_Ya_Enthusiasm_Official_Music_Video.wav_82,Snoop_Dogg__Crip_Ya_Enthusiasm_Official_Music_Video,36.27,29.19,1.22,0.29,0.08,snoop
Snoop_Dogg__Crip_Ya_Enthusiasm_Official_Music_Video.wav_83,Snoop_Dogg__Crip_Ya_Enthusiasm_Official_Music_Video,28.08,22.47,1.56,0.23,0.60,snoop
Snoop_Dogg__Crip_Ya_Enthusiasm_Official_Music_Video.wav_84,Snoop_Dogg__Crip_Ya_Enthusiasm_Official_Music_Video,24.53,18.85,1.67,0.19,0.82,snoop
Snoop_Dogg__Crip_Ya_Enthusiasm_Official_Music_Video.wav_85,Snoop_Dogg__Crip_Ya_Enthusiasm_Official_Music_Video,30.64,25.41,1.36,0.32,0.11,snoop
Snoop_Dogg__Crip_Ya_Enthusiasm_Official_Music_Video.wav_86,Snoop_Dogg__Crip_Ya_Enthusiasm_Official_Music_Video,27.93,20.47,1.54,0.24,1.00,snoop
Snoop_Dogg__Crip_Ya_Enthusiasm_Official_Music_Video.wav_87,Snoop_Dogg__Crip_Ya_Enthusiasm_Official_Music_Video,22.20,15.69,1.55,0.64,0.44,snoop
Snoop_Dogg__Crip_Ya_Enthusiasm_Official_Music_Video.wav_88,Snoop_Dogg__Crip_Ya_Enthusiasm_Official_Music_Video,32.21,26.58,1.34,0.32,0.10,snoop
Snoop_Dogg__Crip_Ya_Enthusiasm_Official_Music_Video.wav_89,Snoop_Dogg__Crip_Ya_Enthusiasm_Official_Music_Video,30.64,25.38,1.36,0.20,0.29,snoop
Snoop_Dogg__Crip_Ya_Enthusiasm_Official_Music_Video.wav_90,Snoop_Dogg__Crip_Ya_Enthusiasm_Official_Music_Video,35.91,22.14,1.23,1.37,0.29,snoop
Snoop_Dogg__Crip_Ya_Enthusiasm_Official_Music_Video.wav_91,Snoop_Dogg__Crip_Ya_Enthusiasm_Official_Music_Video,31.88,24.36,1.24,0.43,0.33,snoop
Snoop_Dogg__Crip_Ya_Enthusiasm_Official_Music_Video.wav_92,Snoop_Dogg__Crip_Ya_Enthusiasm_Official_Music_Video,29.37,21.50,1.16,0.60,0.24,snoop
Snoop_Dogg__Crip_Ya_Enthusiasm_Official_Music_Video.wav_93,Snoop_Dogg__Crip_Ya_Enthusiasm_Official_Music_Video,30.34,22.57,1.20,0.66,0.11,snoop
Snoop_Dogg__Crip_Ya_Enthusiasm_Official_Music_Video.wav_94,Snoop_Dogg__Crip_Ya_Enthusiasm_Official_Music_Video,42.72,36.07,1.40,0.30,0.10,snoop
Snoop_Dogg__Crip_Ya_Enthusiasm_Official_Music_Video.wav_95,Snoop_Dogg__Crip_Ya_Enthusiasm_Official_Music_Video,60.89,38.70,1.38,1.12,1.05,snoop
Snoop_Dogg__Crip_Ya_Enthusiasm_Official_Music_Video.wav_96,Snoop_Dogg__Crip_Ya_Enthusiasm_Official_Music_Video,48.91,38.23,1.17,0.36,0.15,snoop
Snoop_Dogg__Crip_Ya_Enthusiasm_Official_Music_Video.wav_97,Snoop_Dogg__Crip_Ya_Enthusiasm_Official_Music_Video,40.35,30.50,1.54,0.77,0.25,snoop
Snoop_Dogg__Crip_Ya_Enthusiasm_Official_Music_Video.wav_98,Snoop_Dogg__Crip_Ya_Enthusiasm_Official_Music_Video,50.23,36.16,1.34,0.57,0.82,snoop
Snoop_Dogg__Crip_Ya_Enthusiasm_Official_Music_Video.wav_99,Snoop_Dogg__Crip_Ya_Enthusiasm_Official_Music_Video,43.05,34.62,1.22,0.27,0.09,snoop
Snoop_Dogg__Crip_Ya_Enthusiasm_Official_Music_Video.wav_100,Snoop_Dogg__Crip_Ya_Enthusiasm_Official_Music_Video,45.32,31.50,1.46,0.30,1.48,snoop
Snoop_Dogg__Crip_Ya_Enthusiasm_Official_Music_Video.wav_101,Snoop_Dogg__Crip_Ya_Enthusiasm_Official_Music_Video,42.89,36.15,1.48,0.10,0.58,snoop
Snoop_Dogg__Crip_Ya_Enthusiasm_Official_Music_Video.wav_102,Snoop_Dogg__Crip_Ya_Enthusiasm_Official_Music_Video,43.66,33.28,1.13,0.46,0.16,snoop
Snoop_Dogg__Crip_Ya_Enthusiasm_Official_Music_Video.wav_103,Snoop_Dogg__Crip_Ya_Enthusiasm_Official_Music_Video,39.85,31.05,1.25,0.50,0.15,snoop
Snoop_Dogg__Crip_Ya_Enthusiasm_Official_Music_Video.wav_104,Snoop_Dogg__Crip_Ya_Enthusiasm_Official_Music_Video,37.12,26.45,1.17,0.59,0.53,snoop
Snoop_Dogg__Crip_Ya_Enthusiasm_Official_Music_Video.wav_105,Snoop_Dogg__Crip_Ya_Enthusiasm_Official_Music_Video,40.19,32.10,1.44,0.10,0.86,snoop
Snoop_Dogg__Crip_Ya_Enthusiasm_Official_Music_Video.wav_106,Snoop_Dogg__Crip_Ya_Enthusiasm_Official_Music_Video,35.82,29.27,1.37,0.08,0.61,snoop
Snoop_Dogg__Crip_Ya_Enthusiasm_Official_Music_Video.wav_107,Snoop_Dogg__Crip_Ya_Enthusiasm_Official_Music_Video,35.25,28.15,1.34,0.12,0.67,snoop
Snoop_Dogg__Crip_Ya_Enthusiasm_Official_Music_Video.wav_108,Snoop_Dogg__Crip_Ya_Enthusiasm_Official_Music_Video,35.88,29.58,1.40,0.07,0.62,snoop
Snoop_Dogg__Crip_Ya_Enthusiasm_Official_Music_Video.wav_109,Snoop_Dogg__Crip_Ya_Enthusiasm_Official_Music_Video,40.08,31.57,1.35,0.29,0.55,snoop
Snoop_Dogg__Crip_Ya_Enthusiasm_Official_Music_Video.wav_110,Snoop_Dogg__Crip_Ya_Enthusiasm_Official_Music_Video,38.47,20.51,1.12,0.35,2.71,snoop
Snoop_Dogg__Crip_Ya_Enthusiasm_Official_Music_Video.wav_111,Snoop_Dogg__Crip_Ya_Enthusiasm_Official_Music_Video,42.78,32.75,1.22,0.14,0.81,snoop
Snoop_Dogg__Crip_Ya_Enthusiasm_Official_Music_Video.wav_112,Snoop_Dogg__Crip_Ya_Enthusiasm_Official_Music_Video,52.27,35.01,1.26,1.06,0.54,snoop
Snoop_Dogg__Crip_Ya_Enthusiasm_Official_Music_Video.wav_113,Snoop_Dogg__Crip_Ya_Enthusiasm_Official_Music_Video,41.22,31.97,1.23,0.10,0.76,snoop
Snoop_Dogg__Crip_Ya_Enthusiasm_Official_Music_Video.wav_114,Snoop_Dogg__Crip_Ya_Enthusiasm_Official_Music_Video,48.99,32.45,1.19,1.16,0.37,snoop
Snoop_Dogg__Crip_Ya_Enthusiasm_Official_Music_Video.wav_115,Snoop_Dogg__Crip_Ya_Enthusiasm_Official_Music_Video,48.67,34.60,1.33,0.73,0.65,snoop
Snoop_Dogg__Crip_Ya_Enthusiasm_Official_Music_Video.wav_116,Snoop_Dogg__Crip_Ya_Enthusiasm_Official_Music_Video,39.72,31.29,1.26,0.37,0.27,snoop
Snoop_Dogg__Crip_Ya_Enthusiasm_Official_Music_Video.wav_117,Snoop_Dogg__Crip_Ya_Enthusiasm_Official_Music_Video,45.17,38.10,1.40,0.28,0.13,snoop
Snoop_Dogg__Crip_Ya_Enthusiasm_Official_Music_Video.wav_118,Snoop_Dogg__Crip_Ya_Enthusiasm_Official_Music_Video,61.25,32.89,1.32,1.96,0.97,snoop
Snoop_Dogg__Crip_Ya_Enthusiasm_Official_Music_Video.wav_119,Snoop_Dogg__Crip_Ya_Enthusiasm_Official_Music_Video,44.81,34.69,1.33,0.65,0.13,snoop
Snoop_Dogg__Crip_Ya_Enthusiasm_Official_Music_Video.wav_120,Snoop_Dogg__Crip_Ya_Enthusiasm_Official_Music_Video,41.11,34.63,1.47,0.39,0.11,snoop
Snoop_Dogg__Crip_Ya_Enthusiasm_Official_Music_Video.wav_121,Snoop_Dogg__Crip_Ya_Enthusiasm_Official_Music_Video,62.20,33.88,1.28,1.82,1.09,snoop
Snoop_Dogg__Crip_Ya_Enthusiasm_Official_Music_Video.wav_122,Snoop_Dogg__Crip_Ya_Enthusiasm_Official_Music_Video,44.05,35.42,1.28,0.39,0.12,snoop
Snoop_Dogg__Crip_Ya_Enthusiasm_Official_Music_Video.wav_123,Snoop_Dogg__Crip_Ya_Enthusiasm_Official_Music_Video,49.51,29.36,1.52,1.84,0.26,snoop
Snoop_Dogg__Crip_Ya_Enthusiasm_Official_Music_Video.wav_124,Snoop_Dogg__Crip_Ya_Enthusiasm_Official_Music_Video,49.06,34.40,1.30,0.75,0.68,snoop
Snoop_Dogg__Crip_Ya_Enthusiasm_Official_Music_Video.wav_125,Snoop_Dogg__Crip_Ya_Enthusiasm_Official_Music_Video,43.99,34.54,1.14,0.29,0.09,snoop
Snoop_Dogg__Crip_Ya_Enthusiasm_Official_Music_Video.wav_126,Snoop_Dogg__Crip_Ya_Enthusiasm_Official_Music_Video,44.37,31.62,1.37,0.60,0.80,snoop
Snoop_Dogg__Crip_Ya_Enthusiasm_Official_Music_Video.wav_127,Snoop_Dogg__Crip_Ya_Enthusiasm_Official_Music_Video,58.59,36.00,1.45,0.75,1.84,snoop
Snoop_Dogg__Crip_Ya_Enthusiasm_Official_Music_Video.wav_128,Snoop_Dogg__Crip_Ya_Enthusiasm_Official_Music_Video,37.99,30.59,1.21,0.29,0.06,snoop
Snoop_Dogg__Crip_Ya_Enthusiasm_Official_Music_Video.wav_129,Snoop_Dogg__Crip_Ya_Enthusiasm_Official_Music_Video,48.41,32.50,1.57,0.31,1.77,snoop
Snoop_Dogg__Crip_Ya_Enthusiasm_Official_Music_Video.wav_130,Snoop_Dogg__Crip_Ya_Enthusiasm_Official_Music_Video,46.42,37.61,1.58,0.37,0.54,snoop
Snoop_Dogg__Crip_Ya_Enthusiasm_Official_Music_Video.wav_131,Snoop_Dogg__Crip_Ya_Enthusiasm_Official_Music_Video,40.46,32.74,1.23,0.26,0.10,snoop
Snoop_Dogg__Crip_Ya_Enthusiasm_Official_Music_Video.wav_132,Snoop_Dogg__Crip_Ya_Enthusiasm_Official_Music_Video,38.67,33.62,1.72,0.08,0.58,snoop
Snoop_Dogg__Crip_Ya_Enthusiasm_Official_Music_Video.wav_133,Snoop_Dogg__Crip_Ya_Enthusiasm_Official_Music_Video,41.13,35.64,1.60,0.13,0.48,snoop
Snoop_Dogg__Crip_Ya_Enthusiasm_Official_Music_Video.wav_134,Snoop_Dogg__Crip_Ya_Enthusiasm_Official_Music_Video,37.95,30.89,1.23,0.26,0.03,snoop
Snoop_Dogg__Crip_Ya_Enthusiasm_Official_Music_Video.wav_135,Snoop_Dogg__Crip_Ya_Enthusiasm_Official_Music_Video,55.70,34.43,1.57,0.19,2.61,snoop
Snoop_Dogg__Crip_Ya_Enthusiasm_Official_Music_Video.wav_136,Snoop_Dogg__Crip_Ya_Enthusiasm_Official_Music_Video,41.93,34.70,1.54,0.18,0.62,snoop
Snoop_Dogg__Crip_Ya_Enthusiasm_Official_Music_Video.wav_137,Snoop_Dogg__Crip_Ya_Enthusiasm_Official_Music_Video,43.04,34.36,1.40,0.56,0.14,snoop
Snoop_Dogg__Crip_Ya_Enthusiasm_Official_Music_Video.wav_138,Snoop_Dogg__Crip_Ya_Enthusiasm_Official_Music_Video,42.37,32.19,1.10,0.43,0.15,snoop
Snoop_Dogg__Crip_Ya_Enthusiasm_Official_Music_Video.wav_139,Snoop_Dogg__Crip_Ya_Enthusiasm_Official_Music_Video,36.96,29.78,1.20,0.06,0.35,snoop
Snoop_Dogg__Crip_Ya_Enthusiasm_Official_Music_Video.wav_140,Snoop_Dogg__Crip_Ya_Enthusiasm_Official_Music_Video,52.73,43.21,1.30,0.33,0.04,snoop
Snoop_Dogg__Crip_Ya_Enthusiasm_Official_Music_Video.wav_141,Snoop_Dogg__Crip_Ya_Enthusiasm_Official_Music_Video,40.93,32.64,1.37,0.24,0.57,snoop
Snoop_Dogg__Crip_Ya_Enthusiasm_Official_Music_Video.wav_142,Snoop_Dogg__Crip_Ya_Enthusiasm_Official_Music_Video,37.52,30.57,1.23,0.11,0.25,snoop
Snoop_Dogg__Crip_Ya_Enthusiasm_Official_Music_Video.wav_143,Snoop_Dogg__Crip_Ya_Enthusiasm_Official_Music_Video,42.44,36.43,1.43,0.29,0.03,snoop
Snoop_Dogg__Crip_Ya_Enthusiasm_Official_Music_Video.wav_144,Snoop_Dogg__Crip_Ya_Enthusiasm_Official_Music_Video,54.60,35.31,1.26,0.64,1.47,snoop
Snoop_Dogg__Crip_Ya_Enthusiasm_Official_Music_Video.wav_145,Snoop_Dogg__Crip_Ya_Enthusiasm_Official_Music_Video,44.50,35.49,1.21,0.31,0.12,snoop
Snoop_Dogg__Crip_Ya_Enthusiasm_Official_Music_Video.wav_146,Snoop_Dogg__Crip_Ya_Enthusiasm_Official_Music_Video,42.39,36.97,1.51,0.30,0.07,snoop
Snoop_Dogg__Crip_Ya_Enthusiasm_Official_Music_Video.wav_147,Snoop_Dogg__Crip_Ya_Enthusiasm_Official_Music_Video,63.04,35.37,1.30,1.75,1.00,snoop
Snoop_Dogg__Crip_Ya_Enthusiasm_Official_Music_Video.wav_148,Snoop_Dogg__Crip_Ya_Enthusiasm_Official_Music_Video,44.45,35.57,1.29,0.41,0.15,snoop
Snoop_Dogg__Crip_Ya_Enthusiasm_Official_Music_Video.wav_149,Snoop_Dogg__Crip_Ya_Enthusiasm_Official_Music_Video,44.88,38.46,1.43,0.08,0.38,snoop
Snoop_Dogg__Crip_Ya_Enthusiasm_Official_Music_Video.wav_150,Snoop_Dogg__Crip_Ya_Enthusiasm_Official_Music_Video,45.60,33.18,1.38,0.81,0.37,snoop
Snoop_Dogg__Crip_Ya_Enthusiasm_Official_Music_Video.wav_151,Snoop_Dogg__Crip_Ya_Enthusiasm_Official_Music_Video,45.88,35.68,1.20,0.36,0.28,snoop
Snoop_Dogg__Crip_Ya_Enthusiasm_Official_Music_Video.wav_152,Snoop_Dogg__Crip_Ya_Enthusiasm_Official_Music_Video,37.31,30.42,1.39,0.05,0.70,snoop
Snoop_Dogg__Crip_Ya_Enthusiasm_Official_Music_Video.wav_153,Snoop_Dogg__Crip_Ya_Enthusiasm_Official_Music_Video,44.31,34.17,1.47,0.30,0.84,snoop
Snoop_Dogg__Crip_Ya_Enthusiasm_Official_Music_Video.wav_154,Snoop_Dogg__Crip_Ya_Enthusiasm_Official_Music_Video,38.70,32.08,1.31,0.26,0.08,snoop
Snoop_Dogg__Crip_Ya_Enthusiasm_Official_Music_Video.wav_155,Snoop_Dogg__Crip_Ya_Enthusiasm_Official_Music_Video,38.79,31.23,1.58,0.26,0.67,snoop
Snoop_Dogg__Crip_Ya_Enthusiasm_Official_Music_Video.wav_156,Snoop_Dogg__Crip_Ya_Enthusiasm_Official_Music_Video,69.76,36.13,1.55,2.25,1.09,snoop
Snoop_Dogg__Crip_Ya_Enthusiasm_Official_Music_Video.wav_157,Snoop_Dogg__Crip_Ya_Enthusiasm_Official_Music_Video,40.00,32.03,1.20,0.26,0.12,snoop
Snoop_Dogg__Crip_Ya_Enthusiasm_Official_Music_Video.wav_158,Snoop_Dogg__Crip_Ya_Enthusiasm_Official_Music_Video,44.23,34.73,1.60,0.07,1.16,snoop
Snoop_Dogg__Crip_Ya_Enthusiasm_Official_Music_Video.wav_159,Snoop_Dogg__Crip_Ya_Enthusiasm_Official_Music_Video,42.58,34.70,1.58,0.09,0.89,snoop
Snoop_Dogg__Crip_Ya_Enthusiasm_Official_Music_Video.wav_160,Snoop_Dogg__Crip_Ya_Enthusiasm_Official_Music_Video,44.81,32.86,1.23,0.66,0.37,snoop
Snoop_Dogg__Crip_Ya_Enthusiasm_Official_Music_Video.wav_161,Snoop_Dogg__Crip_Ya_Enthusiasm_Official_Music_Video,42.55,32.38,1.16,0.52,0.15,snoop
Snoop_Dogg__Crip_Ya_Enthusiasm_Official_Music_Video.wav_162,Snoop_Dogg__Crip_Ya_Enthusiasm_Official_Music_Video,33.86,23.09,1.15,0.27,1.23,snoop
Snoop_Dogg__Crip_Ya_Enthusiasm_Official_Music_Video.wav_163,Snoop_Dogg__Crip_Ya_Enthusiasm_Official_Music_Video,36.52,30.55,1.35,0.06,0.42,snoop
Snoop_Dogg__Crip_Ya_Enthusiasm_Official_Music_Video.wav_164,Snoop_Dogg__Crip_Ya_Enthusiasm_Official_Music_Video,45.03,32.54,1.49,0.22,1.38,snoop
Snoop_Dogg__Crip_Ya_Enthusiasm_Official_Music_Video.wav_165,Snoop_Dogg__Crip_Ya_Enthusiasm_Official_Music_Video,46.80,32.67,1.29,0.38,1.24,snoop
Snoop_Dogg__Crip_Ya_Enthusiasm_Official_Music_Video.wav_166,Snoop_Dogg__Crip_Ya_Enthusiasm_Official_Music_Video,37.31,29.99,1.22,0.08,0.43,snoop
Snoop_Dogg__Crip_Ya_Enthusiasm_Official_Music_Video.wav_167,Snoop_Dogg__Crip_Ya_Enthusiasm_Official_Music_Video,51.75,34.30,1.44,0.31,1.86,snoop
Snoop_Dogg__Crip_Ya_Enthusiasm_Official_Music_Video.wav_168,Snoop_Dogg__Crip_Ya_Enthusiasm_Official_Music_Video,36.85,29.59,1.32,0.27,0.37,snoop
Snoop_Dogg__Crip_Ya_Enthusiasm_Official_Music_Video.wav_169,Snoop_Dogg__Crip_Ya_Enthusiasm_Official_Music_Video,45.26,31.18,1.34,1.07,0.30,snoop
Snoop_Dogg__Crip_Ya_Enthusiasm_Official_Music_Video.wav_170,Snoop_Dogg__Crip_Ya_Enthusiasm_Official_Music_Video,42.07,32.32,1.29,0.26,0.71,snoop
Snoop_Dogg__Crip_Ya_Enthusiasm_Official_Music_Video.wav_171,Snoop_Dogg__Crip_Ya_Enthusiasm_Official_Music_Video,42.35,32.55,1.29,0.27,0.68,snoop
Snoop_Dogg__Crip_Ya_Enthusiasm_Official_Music_Video.wav_172,Snoop_Dogg__Crip_Ya_Enthusiasm_Official_Music_Video,50.13,34.88,1.32,0.93,0.51,snoop
Snoop_Dogg__Crip_Ya_Enthusiasm_Official_Music_Video.wav_173,Snoop_Dogg__Crip_Ya_Enthusiasm_Official_Music_Video,45.96,35.87,1.27,0.18,0.69,snoop
Snoop_Dogg__Crip_Ya_Enthusiasm_Official_Music_Video.wav_174,Snoop_Dogg__Crip_Ya_Enthusiasm_Official_Music_Video,37.92,30.18,1.25,0.45,0.04,snoop
Snoop_Dogg__Crip_Ya_Enthusiasm_Official_Music_Video.wav_175,Snoop_Dogg__Crip_Ya_Enthusiasm_Official_Music_Video,41.96,34.36,1.45,0.45,0.18,snoop
Snoop_Dogg__Crip_Ya_Enthusiasm_Official_Music_Video.wav_176,Snoop_Dogg__Crip_Ya_Enthusiasm_Official_Music_Video,57.56,34.21,1.34,1.40,1.02,snoop
Snoop_Dogg__Crip_Ya_Enthusiasm_Official_Music_Video.wav_177,Snoop_Dogg__Crip_Ya_Enthusiasm_Official_Music_Video,44.21,35.11,1.19,0.32,0.07,snoop
Snoop_Dogg__Crip_Ya_Enthusiasm_Official_Music_Video.wav_178,Snoop_Dogg__Crip_Ya_Enthusiasm_Official_Music_Video,36.77,30.58,1.40,0.13,0.46,snoop
Snoop_Dogg__Crip_Ya_Enthusiasm_Official_Music_Video.wav_179,Snoop_Dogg__Crip_Ya_Enthusiasm_Official_Music_Video,55.55,34.63,1.59,0.79,1.66,snoop
Snoop_Dogg__Crip_Ya_Enthusiasm_Official_Music_Video.wav_180,Snoop_Dogg__Crip_Ya_Enthusiasm_Official_Music_Video,40.71,32.04,1.15,0.26,0.15,snoop
Snoop_Dogg__Crip_Ya_Enthusiasm_Official_Music_Video.wav_181,Snoop_Dogg__Crip_Ya_Enthusiasm_Official_Music_Video,45.07,30.33,1.52,0.29,1.71,snoop
Snoop_Dogg__Crip_Ya_Enthusiasm_Official_Music_Video.wav_182,Snoop_Dogg__Crip_Ya_Enthusiasm_Official_Music_Video,45.63,35.76,1.51,0.11,1.06,snoop
Snoop_Dogg__Crip_Ya_Enthusiasm_Official_Music_Video.wav_183,Snoop_Dogg__Crip_Ya_Enthusiasm_Official_Music_Video,46.27,33.97,1.14,0.68,0.21,snoop
Snoop_Dogg__Crip_Ya_Enthusiasm_Official_Music_Video.wav_184,Snoop_Dogg__Crip_Ya_Enthusiasm_Official_Music_Video,39.57,31.39,1.26,0.41,0.16,snoop
Snoop_Dogg__Crip_Ya_Enthusiasm_Official_Music_Video.wav_185,Snoop_Dogg__Crip_Ya_Enthusiasm_Official_Music_Video,44.28,31.61,1.19,0.53,0.71,snoop
Snoop_Dogg__Crip_Ya_Enthusiasm_Official_Music_Video.wav_186,Snoop_Dogg__Crip_Ya_Enthusiasm_Official_Music_Video,41.33,32.84,1.17,0.28,0.05,snoop
Snoop_Dogg__Crip_Ya_Enthusiasm_Official_Music_Video.wav_187,Snoop_Dogg__Crip_Ya_Enthusiasm_Official_Music_Video,40.80,35.78,1.54,0.07,0.43,snoop
Snoop_Dogg__Crip_Ya_Enthusiasm_Official_Music_Video.wav_188,Snoop_Dogg__Crip_Ya_Enthusiasm_Official_Music_Video,43.11,36.98,1.54,0.11,0.53,snoop
Snoop_Dogg__Crip_Ya_Enthusiasm_Official_Music_Video.wav_189,Snoop_Dogg__Crip_Ya_Enthusiasm_Official_Music_Video,39.59,32.08,1.22,0.27,0.04,snoop
Snoop_Dogg__Crip_Ya_Enthusiasm_Official_Music_Video.wav_190,Snoop_Dogg__Crip_Ya_Enthusiasm_Official_Music_Video,41.61,35.78,1.51,0.08,0.51,snoop
Snoop_Dogg__Crip_Ya_Enthusiasm_Official_Music_Video.wav_191,Snoop_Dogg__Crip_Ya_Enthusiasm_Official_Music_Video,41.16,35.77,1.48,0.10,0.35,snoop
Snoop_Dogg__Crip_Ya_Enthusiasm_Official_Music_Video.wav_192,Snoop_Dogg__Crip_Ya_Enthusiasm_Official_Music_Video,40.94,34.51,1.37,0.28,0.05,snoop
Snoop_Dogg__Crip_Ya_Enthusiasm_Official_Music_Video.wav_193,Snoop_Dogg__Crip_Ya_Enthusiasm_Official_Music_Video,41.94,33.28,1.57,0.12,0.99,snoop
Snoop_Dogg__Crip_Ya_Enthusiasm_Official_Music_Video.wav_194,Snoop_Dogg__Crip_Ya_Enthusiasm_Official_Music_Video,37.56,30.87,1.31,0.09,0.43,snoop
Snoop_Dogg__Crip_Ya_Enthusiasm_Official_Music_Video.wav_195,Snoop_Dogg__Crip_Ya_Enthusiasm_Official_Music_Video,44.15,34.05,1.17,0.50,0.06,snoop
Snoop_Dogg__Crip_Ya_Enthusiasm_Official_Music_Video.wav_196,Snoop_Dogg__Crip_Ya_Enthusiasm_Official_Music_Video,43.63,33.90,1.28,0.48,0.28,snoop
Snoop_Dogg__Crip_Ya_Enthusiasm_Official_Music_Video.wav_197,Snoop_Dogg__Crip_Ya_Enthusiasm_Official_Music_Video,37.51,30.14,1.19,0.24,0.07,snoop
Snoop_Dogg__Crip_Ya_Enthusiasm_Official_Music_Video.wav_198,Snoop_Dogg__Crip_Ya_Enthusiasm_Official_Music_Video,35.28,30.91,1.52,0.29,0.06,snoop
Snoop_Dogg__Crip_Ya_Enthusiasm_Official_Music_Video.wav_199,Snoop_Dogg__Crip_Ya_Enthusiasm_Official_Music_Video,54.81,27.60,1.28,1.75,1.57,snoop
Snoop_Dogg__Crip_Ya_Enthusiasm_Official_Music_Video.wav_200,Snoop_Dogg__Crip_Ya_Enthusiasm_Official_Music_Video,37.49,29.73,1.23,0.43,0.04,snoop
Snoop_Dogg__Crip_Ya_Enthusiasm_Official_Music_Video.wav_201,Snoop_Dogg__Crip_Ya_Enthusiasm_Official_Music_Video,32.55,28.81,1.56,0.25,0.09,snoop
Snoop_Dogg__Crip_Ya_Enthusiasm_Official_Music_Video.wav_202,Snoop_Dogg__Crip_Ya_Enthusiasm_Official_Music_Video,52.74,28.23,1.33,1.46,1.53,snoop
Snoop_Dogg__Crip_Ya_Enthusiasm_Official_Music_Video.wav_203,Snoop_Dogg__Crip_Ya_Enthusiasm_Official_Music_Video,46.42,36.57,1.17,0.33,0.07,snoop
Snoop_Dogg__Crip_Ya_Enthusiasm_Official_Music_Video.wav_204,Snoop_Dogg__Crip_Ya_Enthusiasm_Official_Music_Video,27.19,24.08,1.56,0.17,0.18,snoop
Snoop_Dogg__Crip_Ya_Enthusiasm_Official_Music_Video.wav_205,Snoop_Dogg__Crip_Ya_Enthusiasm_Official_Music_Video,52.35,29.98,1.46,0.97,1.83,snoop
Snoop_Dogg__Crip_Ya_Enthusiasm_Official_Music_Video.wav_206,Snoop_Dogg__Crip_Ya_Enthusiasm_Official_Music_Video,38.55,30.01,1.14,0.37,0.08,snoop
Snoop_Dogg__Crip_Ya_Enthusiasm_Official_Music_Video.wav_207,Snoop_Dogg__Crip_Ya_Enthusiasm_Official_Music_Video,36.00,26.74,1.13,0.63,0.11,snoop
Snoop_Dogg__Crip_Ya_Enthusiasm_Official_Music_Video.wav_208,Snoop_Dogg__Crip_Ya_Enthusiasm_Official_Music_Video,35.66,26.00,1.15,0.67,0.21,snoop
Snoop_Dogg__Crip_Ya_Enthusiasm_Official_Music_Video.wav_209,Snoop_Dogg__Crip_Ya_Enthusiasm_Official_Music_Video,37.41,29.70,1.16,0.30,0.05,snoop
Snoop_Dogg__Crip_Ya_Enthusiasm_Official_Music_Video.wav_210,Snoop_Dogg__Crip_Ya_Enthusiasm_Official_Music_Video,48.23,27.13,1.76,0.53,2.54,snoop
Snoop_Dogg__Crip_Ya_Enthusiasm_Official_Music_Video.wav_211,Snoop_Dogg__Crip_Ya_Enthusiasm_Official_Music_Video,47.57,30.82,1.70,0.56,1.61,snoop
Snoop_Dogg__Crip_Ya_Enthusiasm_Official_Music_Video.wav_212,Snoop_Dogg__Crip_Ya_Enthusiasm_Official_Music_Video,30.59,24.53,1.16,0.25,0.02,snoop
Snoop_Dogg__Crip_Ya_Enthusiasm_Official_Music_Video.wav_213,Snoop_Dogg__Crip_Ya_Enthusiasm_Official_Music_Video,43.76,29.79,1.72,0.42,1.47,snoop
Snoop_Dogg__Crip_Ya_Enthusiasm_Official_Music_Video.wav_214,Snoop_Dogg__Crip_Ya_Enthusiasm_Official_Music_Video,44.48,33.77,1.63,0.21,1.15,snoop
Snoop_Dogg__Crip_Ya_Enthusiasm_Official_Music_Video.wav_215,Snoop_Dogg__Crip_Ya_Enthusiasm_Official_Music_Video,39.24,32.34,1.27,0.25,0.01,snoop
Snoop_Dogg__Crip_Ya_Enthusiasm_Official_Music_Video.wav_216,Snoop_Dogg__Crip_Ya_Enthusiasm_Official_Music_Video,37.54,31.16,1.63,0.18,0.64,snoop
Snoop_Dogg__Crip_Ya_Enthusiasm_Official_Music_Video.wav_217,Snoop_Dogg__Crip_Ya_Enthusiasm_Official_Music_Video,31.60,28.36,1.62,0.07,0.33,snoop
Snoop_Dogg__Crip_Ya_Enthusiasm_Official_Music_Video.wav_218,Snoop_Dogg__Crip_Ya_Enthusiasm_Official_Music_Video,33.80,26.51,1.14,0.33,0.08,snoop
Snoop_Dogg__Crip_Ya_Enthusiasm_Official_Music_Video.wav_219,Snoop_Dogg__Crip_Ya_Enthusiasm_Official_Music_Video,39.01,30.09,1.13,0.41,0.09,snoop
Snoop_Dogg__Crip_Ya_Enthusiasm_Official_Music_Video.wav_220,Snoop_Dogg__Crip_Ya_Enthusiasm_Official_Music_Video,30.46,24.15,1.24,0.09,0.57,snoop
Snoop_Dogg__Crip_Ya_Enthusiasm_Official_Music_Video.wav_221,Snoop_Dogg__Crip_Ya_Enthusiasm_Official_Music_Video,28.73,23.82,1.21,0.01,0.06,snoop
Snoop_Dogg__Crip_Ya_Enthusiasm_Official_Music_Video.wav_222,Snoop_Dogg__Crip_Ya_Enthusiasm_Official_Music_Video,27.01,21.73,1.21,0.15,0.30,snoop
Snoop_Dogg__Crip_Ya_Enthusiasm_Official_Music_Video.wav_223,Snoop_Dogg__Crip_Ya_Enthusiasm_Official_Music_Video,28.20,22.92,1.20,0.05,0.32,snoop
Snoop_Dogg__Crip_Ya_Enthusiasm_Official_Music_Video.wav_224,Snoop_Dogg__Crip_Ya_Enthusiasm_Official_Music_Video,27.76,21.23,1.21,0.34,0.40,snoop
Snoop_Dogg__Crip_Ya_Enthusiasm_Official_Music_Video.wav_225,Snoop_Dogg__Crip_Ya_Enthusiasm_Official_Music_Video,29.10,22.84,1.22,0.04,0.69,snoop
Snoop_Dogg__Crip_Ya_Enthusiasm_Official_Music_Video.wav_226,Snoop_Dogg__Crip_Ya_Enthusiasm_Official_Music_Video,15.32,12.31,1.26,0.20,0.26,snoop
Snoop_Dogg__Crip_Ya_Enthusiasm_Official_Music_Video.wav_227,Snoop_Dogg__Crip_Ya_Enthusiasm_Official_Music_Video,16.44,13.54,1.26,0.09,0.31,snoop
Snoop_Dogg__Crip_Ya_Enthusiasm_Official_Music_Video.wav_228,Snoop_Dogg__Crip_Ya_Enthusiasm_Official_Music_Video,15.22,12.84,1.29,0.19,0.04,snoop
Snoop_Dogg__Crip_Ya_Enthusiasm_Official_Music_Video.wav_229,Snoop_Dogg__Crip_Ya_Enthusiasm_Official_Music_Video,21.70,18.29,1.26,0.08,0.10,snoop
Snoop_Dogg__Crip_Ya_Enthusiasm_Official_Music_Video.wav_230,Snoop_Dogg__Crip_Ya_Enthusiasm_Official_Music_Video,18.65,16.20,1.42,0.17,0.08,snoop
Snoop_Dogg__Crip_Ya_Enthusiasm_Official_Music_Video.wav_231,Snoop_Dogg__Crip_Ya_Enthusiasm_Official_Music_Video,19.54,16.99,1.34,0.06,0.02,snoop
Snoop_Dogg__Crip_Ya_Enthusiasm_Official_Music_Video.wav_232,Snoop_Dogg__Crip_Ya_Enthusiasm_Official_Music_Video,19.26,16.39,1.26,0.06,0.01,snoop
Snoop_Dogg__Crip_Ya_Enthusiasm_Official_Music_Video.wav_233,Snoop_Dogg__Crip_Ya_Enthusiasm_Official_Music_Video,17.31,14.65,1.43,0.27,0.06,snoop
Snoop_Dogg__Crip_Ya_Enthusiasm_Official_Music_Video.wav_234,Snoop_Dogg__Crip_Ya_Enthusiasm_Official_Music_Video,15.80,13.73,1.33,0.08,0.03,snoop
Snoop_Dogg__Crip_Ya_Enthusiasm_Official_Music_Video.wav_235,Snoop_Dogg__Crip_Ya_Enthusiasm_Official_Music_Video,22.43,18.66,1.23,0.01,0.23,snoop
Snoop_Dogg__Crip_Ya_Enthusiasm_Official_Music_Video.wav_236,Snoop_Dogg__Crip_Ya_Enthusiasm_Official_Music_Video,17.39,13.52,1.33,0.45,0.12,snoop
Snoop_Dogg__Crip_Ya_Enthusiasm_Official_Music_Video.wav_237,Snoop_Dogg__Crip_Ya_Enthusiasm_Official_Music_Video,16.34,14.42,1.38,0.04,0.04,snoop
Snoop_Dogg__Crip_Ya_Enthusiasm_Official_Music_Video.wav_238,Snoop_Dogg__Crip_Ya_Enthusiasm_Official_Music_Video,15.52,13.55,1.34,0.04,0.08,snoop
Snoop_Dogg__Crip_Ya_Enthusiasm_Official_Music_Video.wav_239,Snoop_Dogg__Crip_Ya_Enthusiasm_Official_Music_Video,15.85,13.39,1.34,0.07,0.28,snoop
Snoop_Dogg__Crip_Ya_Enthusiasm_Official_Music_Video.wav_240,Snoop_Dogg__Crip_Ya_Enthusiasm_Official_Music_Video,17.28,14.68,1.27,0.06,0.12,snoop
Snoop_Dogg__Crip_Ya_Enthusiasm_Official_Music_Video.wav_241,Snoop_Dogg__Crip_Ya_Enthusiasm_Official_Music_Video,17.19,14.48,1.31,0.05,0.27,snoop
Snoop_Dogg__Crip_Ya_Enthusiasm_Official_Music_Video.wav_242,Snoop_Dogg__Crip_Ya_Enthusiasm_Official_Music_Video,13.19,10.58,1.39,0.21,0.33,snoop
Snoop_Dogg__Crip_Ya_Enthusiasm_Official_Music_Video.wav_243,Snoop_Dogg__Crip_Ya_Enthusiasm_Official_Music_Video,0.00,0.00,NaN,0.00,0.00,snoop
Snoop_Dogg__Crip_Ya_Enthusiasm_Official_Music_Video.wav_244,Snoop_Dogg__Crip_Ya_Enthusiasm_Official_Music_Video,0.00,0.00,NaN,0.00,0.00,snoop
Snoop_Dogg__Crip_Ya_Enthusiasm_Official_Music_Video.wav_245,Snoop_Dogg__Crip_Ya_Enthusiasm_Official_Music_Video,0.00,0.00,NaN,0.00,0.00,snoop
Snoop_Dogg__Crip_Ya_Enthusiasm_Official_Music_Video.wav_246,Snoop_Dogg__Crip_Ya_Enthusiasm_Official_Music_Video,0.00,0.00,NaN,0.00,0.00,snoop
Snoop_Dogg__Crip_Ya_Enthusiasm_Official_Music_Video.wav_247,Snoop_Dogg__Crip_Ya_Enthusiasm_Official_Music_Video,0.00,0.00,NaN,0.00,0.00,snoop
Snoop_Dogg__Crip_Ya_Enthusiasm_Official_Music_Video.wav_248,Snoop_Dogg__Crip_Ya_Enthusiasm_Official_Music_Video,0.00,0.00,NaN,0.00,0.00,snoop
Snoop_Dogg__Crip_Ya_Enthusiasm_Official_Music_Video.wav_249,Snoop_Dogg__Crip_Ya_Enthusiasm_Official_Music_Video,0.00,0.00,NaN,0.00,0.00,snoop
Snoop_Dogg__Crip_Ya_Enthusiasm_Official_Music_Video.wav_250,Snoop_Dogg__Crip_Ya_Enthusiasm_Official_Music_Video,0.00,0.00,NaN,0.00,0.00,snoop
Snoop_Dogg__Crip_Ya_Enthusiasm_Official_Music_Video.wav_251,Snoop_Dogg__Crip_Ya_Enthusiasm_Official_Music_Video,0.00,0.00,NaN,0.00,0.00,snoop
Snoop_Dogg__Crip_Ya_Enthusiasm_Official_Music_Video.wav_252,Snoop_Dogg__Crip_Ya_Enthusiasm_Official_Music_Video,0.00,0.00,NaN,0.00,0.00,snoop
Snoop_Dogg__Crip_Ya_Enthusiasm_Official_Music_Video.wav_253,Snoop_Dogg__Crip_Ya_Enthusiasm_Official_Music_Video,0.00,0.00,NaN,0.00,0.00,snoop
Snoop_Dogg__Crip_Ya_Enthusiasm_Official_Music_Video.wav_254,Snoop_Dogg__Crip_Ya_Enthusiasm_Official_Music_Video,0.00,0.00,NaN,0.00,0.00,snoop
